{
  "hash": "cdb55e90",
  "configHash": "02ca7dcf",
  "lockfileHash": "aa49f608",
  "browserHash": "0f58032f",
  "optimized": {
    "@angular/core": {
      "src": "../../../../../node_modules/@angular/core/fesm2022/core.mjs",
      "file": "@angular_core.js",
      "fileHash": "cf15e513",
      "needsInterop": false
    },
    "@angular/forms": {
      "src": "../../../../../node_modules/@angular/forms/fesm2022/forms.mjs",
      "file": "@angular_forms.js",
      "fileHash": "a2e804fc",
      "needsInterop": false
    },
    "@angular/platform-browser": {
      "src": "../../../../../node_modules/@angular/platform-browser/fesm2022/platform-browser.mjs",
      "file": "@angular_platform-browser.js",
      "fileHash": "4ec46ca0",
      "needsInterop": false
    },
    "@angular/router": {
      "src": "../../../../../node_modules/@angular/router/fesm2022/router.mjs",
      "file": "@angular_router.js",
      "fileHash": "86ff8e5c",
      "needsInterop": false
    },
    "@angular/common": {
      "src": "../../../../../node_modules/@angular/common/fesm2022/common.mjs",
      "file": "@angular_common.js",
      "fileHash": "e0dd4149",
      "needsInterop": false
    }
  },
  "chunks": {
    "chunk-RLC3K7PO": {
      "file": "chunk-RLC3K7PO.js"
    },
    "chunk-NP3EKZ2C": {
      "file": "chunk-NP3EKZ2C.js"
    },
    "chunk-3JF4NTC2": {
      "file": "chunk-3JF4NTC2.js"
    }
  }
}